ID;RUN;Nombre;Apellidos;Dirección;Correo Electrónico;Teléfono;tipo;titular;rol;profesión;especialidad;firma;institucion previsional de salud;
486;6211877-9;Isabel Marta;Pérez;Av. Libertador Bernardo O'Higgins 4763;isabel.pérez@mailficticio.cl;920396453;;;paciente;;;;;
2014;643112-7;Luis Andrés;Valenzuela Muñoz;Av. Grecia 590;luis.valenzuela@correoexample;984713147;beneficiario;574812-7;;;;;Cruz pal cielo Ltda.;
2721;370730-K;José Francisco;Soto Martínez;Av. Apoquindo 7654;josé.soto@@mailficticio.cl;960433091;beneficiario;185974-9;paciente;;;;Menos vida S.A.;
4;296405-8;Javier;Soto;Av. Grecia 1856;javier.soto@correoexample.com;987322473;titular;296405-8;Staff médico;TENSS;;;Menos vida S.A.;
26;944667-2;Laura;Rodríguez;Av. Matta 9783;laura.rodríguez@correoexample.com;935934393;titular;944667-2;Staff médico, paciente;kinesiólogo/a;;;Cruz de Malta S.A.;
40;961392-7;Diego;Morales López;Av. Libertador Bernardo O'Higgins 9471;diego.morales@correoexample.com;952309557;titular;961392-7;Staff médico, paciente;kinesiólogo/a;;;FONASA;
42;869056-1;Carmen;Soto Sepúlveda;Av. Tobalaba 10705;carmen.soto@correoexample.com;902414300;titular;869056-1;Staff médico;kinesiólogo/a;;;Salud Ltda.;
47;304331-2;Antonio;Sepúlveda Rojas;Av. Pajaritos 10440;antonio.sepúlveda@mailficticio.cl;997993588;titular;304331-2;Staff médico;kinesiólogo/a;;;Salud Ltda.;
62;737881-5;Daniel Antonio;Díaz Rodríguez;Av. Tobalaba 11956;daniel.díaz@dominiofake.net;924268976;titular;737881-5;Staff médico, paciente;medico(a);Dermatología;./firma/62;Fundación e imperio;
71;655490-3;José;Sepúlveda;Av. Manuel Montt 11701;josé.sepúlveda@correoexample.com;939928966;titular;655490-3;Staff médico;kinesiólogo/a;;;Colmena de avispas S.A.;
82;139801-6;Paula;Muñoz Díaz;Av. Matta 8785;paula.muñoz@prueba.org;927506816;titular;139801-6;Staff médico, paciente;medico(a);Otorrinolaringología;./firma/82;Colmena de avispas S.A.;
104;643071-6;Paula Pedro;Silva;Av. Apoquindo 2241;paula.silva@mailficticio.cl;955606424;titular;643071-6;Staff médico;kinesiólogo/a;;;Salud Ltda.;
121;106211-5;Paula;Espinoza;Av. Independencia 10996;paula.espinoza@correoexample.com;923625699;titular;106211-5;Staff médico, paciente;kinesiólogo/a;;;Fundación e imperio;
129;531157-8;Francisco María;Araya;Av. Matta 6555;francisco.araya@dominiofake.net;991681549;titular;531157-8;Staff médico, paciente;kinesiólogo/a;;;Vida uno S.A.;
138;720877-4;Carmen;Flores Sepúlveda;Av. Apoquindo 6522;carmen.flores@dominiofake.net;945443755;titular;720877-4;Staff médico, paciente;kinesiólogo/a;;;sinsalud S.A.;
150;426833-4;María;Fuentes;Av. Providencia 9226;maría.fuentes@correoexample.com;953048491;titular;426833-4;Staff médico, paciente;kinesiólogo/a;;;Fundación e imperio;
153;335232-3;Antonio Marta;Rojas Hernández;Av. Manuel Montt 4829;antonio.rojas@correoexample.com;916231311;titular;335232-3;Staff médico, paciente;medico(a);Geriatría;./firma/153;sinsalud S.A.;
154;846987-3;Andrés;Araya Hernández;Av. Los Leones 4243;andrés.araya@correoexample.com;977289624;titular;846987-3;Staff médico;kinesiólogo/a;;;sinsalud S.A.;
155;168356-K;Antonio Miguel;Rodríguez Díaz;Av. Libertador Bernardo O'Higgins 9839;antonio.rodríguez@mailficticio.cl;996290944;titular;168356-K;Staff médico;kinesiólogo/a;;;Colmena de avispas S.A.;
160;311081-8;María;Morales Valenzuela;Av. Los Leones 11106;maría.morales@mailficticio.cl;996750106;titular;311081-8;Staff médico, paciente;medico(a);Infectología;./firma/160;Vida uno S.A.;
179;687581-5;Marta;Rodríguez Torres;Av. Independencia 382;marta.rodríguez@prueba.org;909778390;titular;687581-5;Staff médico;medico(a);Obstetricia y Ginecología;./firma/179;FONASA;
214;662432-4;Carmen;Sepúlveda Silva;Av. Pajaritos 447;carmen.sepúlveda@mailficticio.cl;947709083;titular;662432-4;Staff médico, paciente;medico(a);Inmunología;./firma/214;Colmena de avispas S.A.;
233;933098-4;María;Hernández Soto;Av. Grecia 1467;maría.hernández@mailficticio.cl;928845511;titular;933098-4;Staff médico;medico(a);Obstetricia y Ginecología;./firma/233;Colmena de avispas S.A.;
244;998873-4;Luis;Rojas Contreras;Av. Grecia 2716;luis.rojas@correoexample.com;955331668;titular;998873-4;Staff médico, paciente;kinesiólogo/a;;;Colmena de avispas S.A.;
252;884360-0;José Juan;Rojas Díaz;Av. Grecia 2260;josé.rojas@correoexample.com;988794005;titular;884360-0;Staff médico, paciente;kinesiólogo/a;;;Menos vida S.A.;
257;334196-8;Paula Daniel;Rojas Hernández;Av. Manuel Montt 9133;paula.rojas@dominiofake.net;999859770;titular;334196-8;Staff médico, paciente;medico(a);Neurocirugía;./firma/257;FONASA;
275;297534-3;Lucía;Contreras Silva;Av. La Florida 1502;lucía.contreras@mailficticio.cl;907313161;titular;297534-3;Staff médico, paciente;medico(a);Medicina Interna;./firma/275;Colmena de avispas S.A.;
281;469447-3;Carmen Paula;Rojas Pérez;Av. La Florida 10728;carmen.rojas@correoexample.com;964743899;titular;469447-3;Staff médico;kinesiólogo/a;;;FONASA;
333;264451-7;Sofía;González Rojas;Av. La Florida 2657;sofía.gonzález@prueba.org;947981173;titular;264451-7;Staff médico, paciente;kinesiólogo/a;;;FONASA;
347;885826-8;José;Soto Araya;Av. Libertador Bernardo O'Higgins 557;josé.soto@prueba.org;933914563;titular;885826-8;Staff médico, paciente;medico(a);Enfermedades Respiratorias Adulto;./firma/347;Vida uno S.A.;
352;143049-1;Juan;Morales;Av. Matta 2286;juan.morales@prueba.org;928324687;titular;143049-1;Staff médico, paciente;medico(a);Diabetología;./firma/352;Colmena de avispas S.A.;
367;200219-1;Marta;Valenzuela;Av. Independencia 10473;marta.valenzuela@correoexample.com;947568412;titular;200219-1;Staff médico;medico(a);Medicina Física y Rehabilitación;./firma/367;Menos vida S.A.;
369;164857-8;Paula;Díaz Soto;Av. Grecia 1677;paula.díaz@prueba.org;908407595;titular;164857-8;Staff médico;kinesiólogo/a;;;Medibanc S.A.;
390;546549-4;Andrés;Espinoza;Av. Matta 5716;andrés.espinoza@dominiofake.net;925846452;titular;546549-4;Staff médico, paciente;medico(a);Medicina Interna;./firma/390;Vida uno S.A.;
397;529798-2;Pedro;González Silva;Av. Apoquindo 8297;pedro.gonzález@dominiofake.net;963913133;titular;529798-2;Staff médico, paciente;kinesiólogo/a;;;Salud Ltda.;
402;954073-3;Juan;Rojas Fuentes;Av. Independencia 91;juan.rojas@correoexample.com;913930522;titular;954073-3;Staff médico;medico(a);Diabetología;./firma/402;Vida uno S.A.;
405;497332-1;Ana;Fuentes Torres;Av. Tobalaba 4279;ana.fuentes@prueba.org;911750281;titular;497332-1;Staff médico;medico(a);Dermatología;./firma/405;Fundación e imperio;
407;930475-4;Lucía;Fuentes;Av. Providencia 1944;lucía.fuentes@mailficticio.cl;906364299;titular;930475-4;Staff médico;kinesiólogo/a;;;Cruz pal cielo Ltda.;
417;715286-8;Miguel Pedro;Martínez Sepúlveda;Av. Pajaritos 9373;miguel.martínez@prueba.org;906351577;titular;715286-8;Staff médico;kinesiólogo/a;;;Colmena de avispas S.A.;
418;259736-5;Isabel;González;Av. Apoquindo 3011;isabel.gonzález@prueba.org;934959197;titular;259736-5;Staff médico, paciente;medico(a);Medicina Familiar;./firma/418;sinsalud S.A.;
422;941989-6;Ana Francisco;Flores Rojas;Av. Libertador Bernardo O'Higgins 4606;ana.flores@mailficticio.cl;949086844;titular;941989-6;Staff médico, paciente;medico(a);Gastroenterología Adulto;./firma/422;especial S.A.;
425;816146-1;Laura Pedro;Torres Fuentes;Av. Grecia 10433;laura.torres@correoexample.com;945583300;titular;816146-1;Staff médico, paciente;kinesiólogo/a;;;Cruz pal cielo Ltda.;
435;951403-1;Juan;Fuentes;Av. Pajaritos 2262;juan.fuentes@prueba.org;969834127;titular;951403-1;Staff médico, paciente;kinesiólogo/a;;;Cruz pal cielo Ltda.;
437;315077-1;Juan José;Contreras;Av. Apoquindo 3684;juan.contreras@correoexample.com;951853654;titular;315077-1;Staff médico;kinesiólogo/a;;;sinsalud S.A.;
451;697643-3;Laura;Araya Rodríguez;Av. Independencia 10691;laura.araya@dominiofake.net;961270594;titular;697643-3;Staff médico;medico(a);Traumatología y Ortopedia;./firma/451;Cruz de Malta S.A.;
479;790709-5;Juan;Valenzuela;Av. Libertador Bernardo O'Higgins 2573;juan.valenzuela@mailficticio.cl;927106820;titular;790709-5;Staff médico, paciente;kinesiólogo/a;;;Fundación e imperio;
501;659922-2;Francisco Diego;Sepúlveda;Av. Independencia 9938;francisco.sepúlveda@mailficticio.cl;938837814;titular;659922-2;Staff médico, paciente;kinesiólogo/a;;;Colmena de avispas S.A.;
512;834966-5;Andrés Luis;Torres;Av. Vicuña Mackenna 145;andrés.torres@mailficticio.cl;947676423;titular;834966-5;Staff médico;medico(a);Neurología Adultos;./firma/512;Cruz de Malta S.A.;
520;543323-1;Juan;Martínez Flores;Av. Apoquindo 11882;juan.martínez@mailficticio.cl;928267429;titular;543323-1;Staff médico;kinesiólogo/a;;;Cruz pal cielo Ltda.;
548;751147-7;Paula Marta;Torres Contreras;Av. Macul 3406;paula.torres@prueba.org;987692258;titular;751147-7;Staff médico;medico(a);Infectología;./firma/548;especial S.A.;
566;227165-6;Juan José;Silva;Av. Tobalaba 8016;juan.silva@correoexample.com;954997802;titular;227165-6;Staff médico, paciente;medico(a);Traumatología y Ortopedia;./firma/566;Vida uno S.A.;
581;789833-9;Javier;González Martínez;Av. Irarrazabal 3446;javier.gonzález@dominiofake.net;934420719;titular;789833-9;Staff médico, paciente;kinesiólogo/a;;;Cruz pal cielo Ltda.;
586;744660-8;Javier;López Morales;Av. Macul 10930;javier.lópez@dominiofake.net;989660351;titular;744660-8;Staff médico;medico(a);Reumatología;./firma/586;Medibanc S.A.;
596;425302-7;Marta;Hernández Muñoz;Av. Irarrazabal 11959;marta.hernández@mailficticio.cl;977112133;titular;425302-7;Staff médico;medico(a);Genética Clínica;./firma/596;Vida uno S.A.;
608;141620-0;Lucía Juan;Flores;Av. Pajaritos 3798;lucía.flores@mailficticio.cl;916403708;titular;141620-0;Staff médico;kinesiólogo/a;;;Vida uno S.A.;
618;194542-4;María;Soto Valenzuela;Av. Los Leones 2920;maría.soto@correoexample.com;918689020;titular;194542-4;Staff médico;medico(a);Oncología Médica;./firma/618;Colmena de avispas S.A.;
633;413016-2;Antonio;Valenzuela Flores;Av. Recoleta 2904;antonio.valenzuela@correoexample.com;983831643;titular;413016-2;Staff médico, paciente;medico(a);Medicina Familiar;./firma/633;Cruz de Malta S.A.;
640;142896-9;José;Muñoz Hernández;Av. Apoquindo 6574;josé.muñoz@dominiofake.net;936129098;titular;142896-9;Staff médico;kinesiólogo/a;;;Menos vida S.A.;
652;117613-7;Pedro;Hernández;Av. La Florida 538;pedro.hernández@mailficticio.cl;924977874;titular;117613-7;Staff médico;medico(a);Dermatología;./firma/652;Fundación e imperio;
654;703120-3;Pedro Isabel;Torres Muñoz;Av. Tobalaba 8264;pedro.torres@prueba.org;994308317;titular;703120-3;Staff médico, paciente;kinesiólogo/a;;;Medibanc S.A.;
655;561776-6;Sofía;Flores;Av. Vicuña Mackenna 2775;sofía.flores@prueba.org;998592987;titular;561776-6;Staff médico;kinesiólogo/a;;;sinsalud S.A.;
656;947422-6;Miguel;Contreras Martínez;Av. Tobalaba 9844;miguel.contreras@dominiofake.net;911143963;titular;947422-6;Staff médico;kinesiólogo/a;;;Medibanc S.A.;
667;297883-0;Isabel José;Rojas;Av. Irarrazabal 11043;isabel.rojas@prueba.org;917071328;titular;297883-0;Staff médico, paciente;medico(a);Hematología;./firma/667;Cruz pal cielo Ltda.;
670;170238-6;Carmen;Fuentes;Av. Tobalaba 4941;carmen.fuentes@correoexample.com;985052177;titular;170238-6;Staff médico, paciente;kinesiólogo/a;;;FONASA;
728;322823-1;Isabel;Contreras;Av. Matta 7756;isabel.contreras@mailficticio.cl;919744141;titular;322823-1;Staff médico, paciente;medico(a);Medicina Familiar;./firma/728;Salud Ltda.;
734;681911-7;Javier;Martínez Espinoza;Av. Apoquindo 8964;javier.martínez@correoexample.com;951167633;titular;681911-7;Staff médico, paciente;kinesiólogo/a;;;Menos vida S.A.;
794;100996-6;Andrés Pedro;Soto Hernández;Av. Pajaritos 9540;andrés.soto@prueba.org;996896268;titular;100996-6;Staff médico, paciente;kinesiólogo/a;;;FONASA;
796;174069-5;Pedro;López;Av. Los Leones 9843;pedro.lópez@dominiofake.net;932732431;titular;174069-5;Staff médico;medico(a);Psiquiatría Adultos;./firma/796;Cruz de Malta S.A.;
814;183019-8;Antonio;López Hernández;Av. Providencia 11701;antonio.lópez@correoexample.com;989125435;titular;183019-8;Staff médico;kinesiólogo/a;;;FONASA;
833;581941-5;Laura;Martínez Martínez;Av. Libertador Bernardo O'Higgins 11842;laura.martínez@mailficticio.cl;989185327;titular;581941-5;Staff médico, paciente;medico(a);Reumatología;./firma/833;sinsalud S.A.;
853;423987-3;Antonio Isabel;Rodríguez Morales;Av. Pajaritos 7101;antonio.rodríguez@mailficticio.cl;902973789;titular;423987-3;Staff médico;kinesiólogo/a;;;Vida uno S.A.;
861;913232-5;Miguel;Valenzuela;Av. Independencia 11295;miguel.valenzuela@dominiofake.net;982694584;titular;913232-5;Staff médico, paciente;kinesiólogo/a;;;Cruz de Malta S.A.;
863;469788-K;Juan Juan;López;Av. Macul 4304;juan.lópez@correoexample.com;915097741;titular;469788-K;Staff médico, paciente;medico(a);Geriatría;./firma/863;sinsalud S.A.;
872;782965-5;Paula;Rojas Díaz;Av. Grecia 4714;paula.rojas@correoexample.com;949016950;titular;782965-5;Staff médico;medico(a);Infectología;./firma/872;Colmena de avispas S.A.;
879;328342-9;Marta;Valenzuela López;Av. Libertador Bernardo O'Higgins 8598;marta.valenzuela@dominiofake.net;983762164;titular;328342-9;Staff médico, paciente;kinesiólogo/a;;;especial S.A.;
896;116343-4;Laura;Espinoza Morales;Av. Providencia 1152;laura.espinoza@prueba.org;910001068;titular;116343-4;Staff médico;kinesiólogo/a;;;especial S.A.;
913;295777-9;Ana María;Valenzuela Silva;Av. Libertador Bernardo O'Higgins 9378;ana.valenzuela@mailficticio.cl;903100439;titular;295777-9;Staff médico, paciente;medico(a);Neurocirugía;./firma/913;Menos vida S.A.;
929;643537-8;Diego Miguel;Contreras López;Av. Vicuña Mackenna 5483;diego.contreras@mailficticio.cl;946149898;titular;643537-8;Staff médico, paciente;kinesiólogo/a;;;Cruz de Malta S.A.;
931;589565-0;Juan Francisco;Sepúlveda Soto;Av. Recoleta 10884;juan.sepúlveda@dominiofake.net;902501671;titular;589565-0;Staff médico, paciente;kinesiólogo/a;;;Vida uno S.A.;
950;859603-4;Juan;Sepúlveda Soto;Av. Independencia 5612;juan.sepúlveda@prueba.org;916282611;titular;859603-4;Staff médico, paciente;medico(a);Otorrinolaringología;./firma/950;Medibanc S.A.;
973;189823-K;Luis;Fuentes;Av. Grecia 4148;luis.fuentes@correoexample.com;904184246;titular;189823-K;Staff médico;kinesiólogo/a;;;especial S.A.;
982;504437-5;Isabel Luis;Contreras;Av. Libertador Bernardo O'Higgins 5520;isabel.contreras@mailficticio.cl;952995731;titular;504437-5;Staff médico, paciente;medico(a);Infectología;./firma/982;especial S.A.;
986;148665-9;Diego;Morales;Av. Los Leones 5818;diego.morales@dominiofake.net;998297398;titular;148665-9;Staff médico, paciente;medico(a);Infectología;./firma/986;Fundación e imperio;
992;363036-6;Pedro Daniel;Rojas Morales;Av. Apoquindo 8451;pedro.rojas@prueba.org;963813931;titular;363036-6;Staff médico;kinesiólogo/a;;;Medibanc S.A.;
998;889426-4;Luis;Contreras;Av. Independencia 2054;luis.contreras@prueba.org;936562177;titular;889426-4;Staff médico;kinesiólogo/a;;;Cruz pal cielo Ltda.;
1010;898918-4;Isabel;Silva;Av. Independencia 2577;isabel.silva@correoexample.com;939071412;titular;898918-4;Staff médico;kinesiólogo/a;;;especial S.A.;
1023;243727-9;Andrés;Silva Rojas;Av. Manuel Montt 3104;andrés.silva@dominiofake.net;922310585;titular;243727-9;Staff médico;medico(a);Traumatología y Ortopedia;./firma/1023;sinsalud S.A.;
1049;853430-6;Lucía Andrés;Torres Valenzuela;Av. Libertador Bernardo O'Higgins 4519;lucía.torres@mailficticio.cl;930315491;titular;853430-6;Staff médico, paciente;medico(a);Enfermedades Respiratorias Adulto;./firma/1049;Fundación e imperio;
1096;555460-8;Luis;Rodríguez;Av. Libertador Bernardo O'Higgins 7124;luis.rodríguez@prueba.org;973100581;titular;555460-8;Staff médico;medico(a);Cardiología;./firma/1096;Cruz pal cielo Ltda.;
1111;253606-4;Ana;Rojas Valenzuela;Av. Macul 1193;ana.rojas@correoexample.com;945562629;titular;253606-4;Staff médico;medico(a);Otorrinolaringología;./firma/1111;Cruz de Malta S.A.;
1121;862633-2;Luis;Araya Hernández;Av. Apoquindo 8770;luis.araya@mailficticio.cl;907132938;titular;862633-2;Staff médico, paciente;kinesiólogo/a;;;Colmena de avispas S.A.;
1129;284894-5;Diego;Fuentes Sepúlveda;Av. La Florida 6759;diego.fuentes@dominiofake.net;952411099;titular;284894-5;Staff médico, paciente;kinesiólogo/a;;;Colmena de avispas S.A.;
1130;353232-1;José;Espinoza Espinoza;Av. Macul 1403;josé.espinoza@correoexample.com;912288875;titular;353232-1;Staff médico, paciente;kinesiólogo/a;;;Medibanc S.A.;
1197;131376-2;Andrés Francisco;Torres;Av. Apoquindo 2136;andrés.torres@dominiofake.net;982766693;titular;131376-2;Staff médico, paciente;kinesiólogo/a;;;Salud Ltda.;
1200;295009-K;Lucía;Fuentes Morales;Av. Macul 5029;lucía.fuentes@dominiofake.net;958060389;titular;295009-K;Staff médico;medico(a);Endocrinología Adulto;./firma/1200;Colmena de avispas S.A.;
1207;873966-8;Marta Paula;Araya;Av. Grecia 5947;marta.araya@dominiofake.net;925378220;titular;873966-8;Staff médico;medico(a);Genética Clínica;./firma/1207;especial S.A.;
1237;301273-5;Paula;Muñoz Fuentes;Av. Macul 4104;paula.muñoz@correoexample.com;945136203;titular;301273-5;Staff médico;medico(a);Geriatría;./firma/1237;sinsalud S.A.;
1243;569790-5;Carmen;Flores Espinoza;Av. Matta 10716;carmen.flores@correoexample.com;952851512;titular;569790-5;Staff médico, paciente;medico(a);Urología;./firma/1243;Medibanc S.A.;
1263;907090-7;Andrés Juan;Flores;Av. Providencia 9437;andrés.flores@correoexample.com;935502029;titular;907090-7;Staff médico;kinesiólogo/a;;;Salud Ltda.;
1266;744154-1;Daniel Ana;Hernández Rodríguez;Av. Irarrazabal 9014;daniel.hernández@dominiofake.net;964213103;titular;744154-1;Staff médico;medico(a);Hematología;./firma/1266;sinsalud S.A.;
1284;285376-0;Lucía;Torres Sepúlveda;Av. Providencia 1702;lucía.torres@dominiofake.net;976423491;titular;285376-0;Staff médico, paciente;medico(a);Oftalmología;./firma/1284;Cruz de Malta S.A.;
1321;413462-1;Andrés Diego;Muñoz López;Av. Macul 3881;andrés.muñoz@prueba.org;954547123;titular;413462-1;Staff médico, paciente;medico(a);Enfermedades Respiratorias Adulto;./firma/1321;Colmena de avispas S.A.;
1335;808670-2;Carmen Laura;Muñoz Flores;Av. Pajaritos 8732;carmen.muñoz@dominiofake.net;976107736;titular;808670-2;Staff médico, paciente;medico(a);Enfermedades Respiratorias Adulto;./firma/1335;sinsalud S.A.;
1377;596671-K;Ana Andrés;Valenzuela;Av. Macul 6404;ana.valenzuela@mailficticio.cl;913654490;titular;596671-K;Staff médico, paciente;medico(a);Urología;./firma/1377;Menos vida S.A.;
1381;352626-7;Carmen;Pérez Valenzuela;Av. Libertador Bernardo O'Higgins 1416;carmen.pérez@correoexample.com;918997997;titular;352626-7;Staff médico;kinesiólogo/a;;;Fundación e imperio;
1394;537130-9;Laura Lucía;Araya;Av. Independencia 8975;laura.araya@dominiofake.net;940227757;titular;537130-9;Staff médico;medico(a);Medicina Familiar;./firma/1394;Cruz pal cielo Ltda.;
1395;528668-9;Paula Sofía;Sepúlveda;Av. Pajaritos 4199;paula.sepúlveda@prueba.org;971871989;titular;528668-9;Staff médico, paciente;medico(a);Enfermedades Respiratorias Adulto;./firma/1395;Colmena de avispas S.A.;
1414;842028-9;María;Muñoz Soto;Av. Recoleta 6210;maría.muñoz@dominiofake.net;968815652;titular;842028-9;Staff médico, paciente;medico(a);Reumatología;./firma/1414;Fundación e imperio;
1437;779047-3;Luis;Espinoza;Av. Vicuña Mackenna 10938;luis.espinoza@prueba.org;984403455;titular;779047-3;Staff médico;kinesiólogo/a;;;Cruz de Malta S.A.;
1438;162981-6;Carmen;Pérez Araya;Av. Apoquindo 3973;carmen.pérez@prueba.org;982553068;titular;162981-6;Staff médico, paciente;kinesiólogo/a;;;Vida uno S.A.;
1454;693224-K;Miguel;Díaz Morales;Av. Irarrazabal 8030;miguel.díaz@prueba.org;957004024;titular;693224-K;Staff médico;medico(a);Diabetología;./firma/1454;Vida uno S.A.;
1472;436747-2;María Marta;Muñoz;Av. Grecia 4896;maría.muñoz@dominiofake.net;960493168;titular;436747-2;Staff médico;medico(a);Coloproctología;./firma/1472;Cruz pal cielo Ltda.;
1474;124037-4;María;Fuentes;Av. Vicuña Mackenna 10612;maría.fuentes@mailficticio.cl;940097420;titular;124037-4;Staff médico;medico(a);Endocrinología Adulto;./firma/1474;especial S.A.;
1478;662027-2;Paula;Martínez Torres;Av. Libertador Bernardo O'Higgins 10824;paula.martínez@prueba.org;977356997;titular;662027-2;Staff médico;medico(a);Genética Clínica;./firma/1478;Colmena de avispas S.A.;
1480;799368-4;Miguel;González;Av. Los Leones 3598;miguel.gonzález@dominiofake.net;965863724;titular;799368-4;Staff médico;kinesiólogo/a;;;Salud Ltda.;
1481;310621-7;Marta;Morales Rojas;Av. Independencia 8670;marta.morales@correoexample.com;978514797;titular;310621-7;Staff médico, paciente;medico(a);Nefrología Adulto;./firma/1481;Menos vida S.A.;
1485;319555-4;Sofía;Hernández Hernández;Av. Grecia 9363;sofía.hernández@correoexample.com;966549496;titular;319555-4;Staff médico, paciente;kinesiólogo/a;;;sinsalud S.A.;
1490;875560-4;Daniel;Sepúlveda Espinoza;Av. Los Leones 8152;daniel.sepúlveda@mailficticio.cl;903111745;titular;875560-4;Staff médico, paciente;kinesiólogo/a;;;sinsalud S.A.;
1493;217593-2;Andrés María;Muñoz;Av. Irarrazabal 43;andrés.muñoz@correoexample.com;911412674;titular;217593-2;Staff médico, paciente;medico(a);Cardiología;./firma/1493;Vida uno S.A.;
1505;205634-8;Juan;Valenzuela;Av. Manuel Montt 9147;juan.valenzuela@prueba.org;958664410;titular;205634-8;Staff médico, paciente;kinesiólogo/a;;;especial S.A.;
1532;654272-7;Laura;Hernández;Av. Recoleta 7;laura.hernández@correoexample.com;953636476;titular;654272-7;Staff médico, paciente;kinesiólogo/a;;;Colmena de avispas S.A.;
1536;458092-3;Antonio;Martínez Torres;Av. Grecia 8078;antonio.martínez@prueba.org;929023721;titular;458092-3;Staff médico, paciente;medico(a);Inmunología;./firma/1536;Vida uno S.A.;
1544;481115-1;María;Araya Sepúlveda;Av. La Florida 1519;maría.araya@mailficticio.cl;961296672;titular;481115-1;Staff médico, paciente;kinesiólogo/a;;;Salud Ltda.;
1555;535844-2;Sofía;Contreras Hernández;Av. Pajaritos 7949;sofía.contreras@dominiofake.net;954781454;titular;535844-2;Staff médico;kinesiólogo/a;;;Fundación e imperio;
1568;754721-8;Diego;Martínez;Av. Apoquindo 11729;diego.martínez@mailficticio.cl;996787302;titular;754721-8;Staff médico, paciente;medico(a);Inmunología;./firma/1568;Medibanc S.A.;
1601;634369-4;Pedro;Araya Espinoza;Av. Manuel Montt 8330;pedro.araya@prueba.org;982128103;titular;634369-4;Staff médico;kinesiólogo/a;;;Cruz de Malta S.A.;
1645;364121-K;Marta;Valenzuela Soto;Av. Manuel Montt 5809;marta.valenzuela@correoexample.com;902362194;titular;364121-K;Staff médico, paciente;kinesiólogo/a;;;Medibanc S.A.;
1650;217526-6;Javier Antonio;Hernández Muñoz;Av. Recoleta 11699;javier.hernández@mailficticio.cl;929219433;titular;217526-6;Staff médico;medico(a);Psiquiatría Adultos;./firma/1650;Cruz de Malta S.A.;
1659;181094-4;Juan;Rojas Flores;Av. Independencia 4861;juan.rojas@prueba.org;976902694;titular;181094-4;Staff médico, paciente;kinesiólogo/a;;;Colmena de avispas S.A.;
1662;434665-3;Ana;Contreras Torres;Av. Irarrazabal 1926;ana.contreras@dominiofake.net;970046956;titular;434665-3;Staff médico, paciente;kinesiólogo/a;;;FONASA;
1694;248177-4;Ana;Soto Espinoza;Av. Apoquindo 6016;ana.soto@correoexample.com;932696454;titular;248177-4;Staff médico, paciente;kinesiólogo/a;;;Salud Ltda.;
1703;539858-4;Javier;González;Av. Independencia 3682;javier.gonzález@dominiofake.net;942442727;titular;539858-4;Staff médico, paciente;kinesiólogo/a;;;especial S.A.;
1710;483293-0;Antonio;Fuentes Fuentes;Av. Tobalaba 6063;antonio.fuentes@dominiofake.net;935397062;titular;483293-0;Staff médico, paciente;medico(a);Coloproctología;./firma/1710;Salud Ltda.;
1718;369238-8;Diego;Soto Díaz;Av. Providencia 9952;diego.soto@mailficticio.cl;974263209;titular;369238-8;Staff médico, paciente;medico(a);Genética Clínica;./firma/1718;especial S.A.;
1722;436305-1;Diego;Espinoza Hernández;Av. Macul 1397;diego.espinoza@correoexample.com;998545164;titular;436305-1;Staff médico;kinesiólogo/a;;;Salud Ltda.;
1728;699028-2;Ana Daniel;Pérez Muñoz;Av. Independencia 6005;ana.pérez@prueba.org;988550208;titular;699028-2;Staff médico;medico(a);Hematología;./firma/1728;Salud Ltda.;
1733;474320-2;Carmen Javier;Soto Torres;Av. Independencia 8096;carmen.soto@prueba.org;967266502;titular;474320-2;Staff médico;medico(a);Neurología Adultos;./firma/1733;Menos vida S.A.;
1783;390990-5;Andrés;Araya Sepúlveda;Av. Matta 9567;andrés.araya@prueba.org;976274119;titular;390990-5;Staff médico, paciente;medico(a);Oftalmología;./firma/1783;Cruz de Malta S.A.;
1789;160706-5;Laura;Soto;Av. Macul 5712;laura.soto@correoexample.com;902053521;titular;160706-5;Staff médico, paciente;kinesiólogo/a;;;Medibanc S.A.;
1800;245808-K;Francisco;González;Av. Libertador Bernardo O'Higgins 3534;francisco.gonzález@correoexample.com;918731098;titular;245808-K;Staff médico;kinesiólogo/a;;;especial S.A.;
1805;277294-9;Lucía;Hernández Muñoz;Av. Providencia 1963;lucía.hernández@correoexample.com;945318323;titular;277294-9;Staff médico;medico(a);Obstetricia y Ginecología;./firma/1805;Salud Ltda.;
1807;325621-9;Ana;Pérez Sepúlveda;Av. Pajaritos 7067;ana.pérez@mailficticio.cl;930560440;titular;325621-9;Staff médico;medico(a);Cardiología;./firma/1807;Menos vida S.A.;
1840;711099-5;Laura;López Rojas;Av. Grecia 640;laura.lópez@correoexample.com;917141803;titular;711099-5;Staff médico, paciente;kinesiólogo/a;;;Salud Ltda.;
1858;530178-5;José Luis;Silva;Av. Providencia 792;josé.silva@dominiofake.net;987903987;titular;530178-5;Staff médico;medico(a);Neonatología;./firma/1858;Cruz de Malta S.A.;
1864;525206-7;Pedro María;Martínez Rojas;Av. Matta 9727;pedro.martínez@correoexample.com;975781905;titular;525206-7;Staff médico;medico(a);Geriatría;./firma/1864;sinsalud S.A.;
1876;915560-0;Antonio;Soto Muñoz;Av. Matta 6030;antonio.soto@dominiofake.net;919384867;titular;915560-0;Staff médico;kinesiólogo/a;;;Vida uno S.A.;
1878;107803-8;Ana;Espinoza Muñoz;Av. Tobalaba 3490;ana.espinoza@dominiofake.net;956268923;titular;107803-8;Staff médico, paciente;medico(a);Endocrinología Adulto;./firma/1878;Salud Ltda.;
1879;727194-8;Marta;Pérez Espinoza;Av. Macul 5186;marta.pérez@prueba.org;986112372;titular;727194-8;Staff médico, paciente;kinesiólogo/a;;;Menos vida S.A.;
1888;998339-2;Laura;Martínez Rojas;Av. La Florida 6212;laura.martínez@prueba.org;981238708;titular;998339-2;Staff médico;kinesiólogo/a;;;sinsalud S.A.;
1897;497313-5;Miguel;Silva Valenzuela;Av. Irarrazabal 10738;miguel.silva@correoexample.com;997159446;titular;497313-5;Staff médico;medico(a);Otorrinolaringología;./firma/1897;FONASA;
1908;885340-1;Pedro Andrés;Muñoz;Av. Vicuña Mackenna 10172;pedro.muñoz@prueba.org;922171682;titular;885340-1;Staff médico;medico(a);Gastroenterología Adulto;./firma/1908;Cruz pal cielo Ltda.;
1918;940782-0;Luis Isabel;Rojas;Av. Vicuña Mackenna 4079;luis.rojas@dominiofake.net;901932924;titular;940782-0;Staff médico;kinesiólogo/a;;;Cruz pal cielo Ltda.;
1928;742890-1;Lucía;Morales Rodríguez;Av. La Florida 4668;lucía.morales@mailficticio.cl;946845159;titular;742890-1;Staff médico, paciente;kinesiólogo/a;;;Fundación e imperio;
1940;100222-8;Laura;Rodríguez Rodríguez;Av. Apoquindo 5182;laura.rodríguez@prueba.org;955781556;titular;100222-8;Staff médico;medico(a);Oncología Médica;./firma/1940;FONASA;
1943;591364-0;Juan;López;Av. Grecia 11924;juan.lópez@dominiofake.net;914138666;titular;591364-0;Staff médico, paciente;medico(a);Oftalmología;./firma/1943;especial S.A.;
1963;650859-6;Pedro;Torres Araya;Av. Apoquindo 11337;pedro.torres@dominiofake.net;941877270;titular;650859-6;Staff médico, paciente;kinesiólogo/a;;;Colmena de avispas S.A.;
1977;743085-K;Luis;Contreras Morales;Av. Manuel Montt 7713;luis.contreras@correoexample.com;917307572;titular;743085-K;Staff médico;kinesiólogo/a;;;Vida uno S.A.;
1992;823161-3;Ana;Rojas Flores;Av. Manuel Montt 1471;ana.rojas@correoexample.com;991808006;titular;823161-3;Staff médico;medico(a);Endocrinología Adulto;./firma/1992;Colmena de avispas S.A.;
2009;963567-K;Francisco Andrés;Valenzuela Valenzuela;Av. La Florida 6543;francisco.valenzuela@mailficticio.cl;960463646;titular;963567-K;Staff médico, paciente;kinesiólogo/a;;;especial S.A.;
2013;915624-0;José Lucía;Flores Silva;Av. Recoleta 5721;josé.flores@prueba.org;928375374;titular;915624-0;Staff médico;kinesiólogo/a;;;especial S.A.;
2039;362862-0;Sofía;Valenzuela Fuentes;Av. Irarrazabal 387;sofía.valenzuela@correoexample.com;915957717;titular;362862-0;Staff médico;medico(a);Diabetología;./firma/2039;FONASA;
2041;397428-6;Antonio Andrés;Soto Morales;Av. Los Leones 11152;antonio.soto@correoexample.com;974536073;titular;397428-6;Staff médico;medico(a);Hematología;./firma/2041;sinsalud S.A.;
2056;431455-7;Antonio;Soto;Av. Matta 2026;antonio.soto@mailficticio.cl;949086986;titular;431455-7;Staff médico, paciente;medico(a);Hematología;./firma/2056;FONASA;
2058;731080-3;Antonio;Contreras;Av. Macul 6971;antonio.contreras@correoexample.com;964819461;titular;731080-3;Staff médico, paciente;medico(a);Gastroenterología Adulto;./firma/2058;Menos vida S.A.;
2081;947158-8;Andrés;Valenzuela Sepúlveda;Av. Matta 5882;andrés.valenzuela@mailficticio.cl;903499860;titular;947158-8;Staff médico;medico(a);Medicina Física y Rehabilitación;./firma/2081;Cruz de Malta S.A.;
2113;548790-0;Andrés Antonio;Soto Muñoz;Av. Providencia 7853;andrés.soto@mailficticio.cl;995571691;titular;548790-0;Staff médico;medico(a);Urología;./firma/2113;especial S.A.;
2116;541161-0;Marta Luis;Fuentes Pérez;Av. Recoleta 27;marta.fuentes@prueba.org;945387541;titular;541161-0;Staff médico, paciente;medico(a);Traumatología y Ortopedia;./firma/2116;Cruz pal cielo Ltda.;
2125;789375-2;Antonio Diego;Silva;Av. Vicuña Mackenna 3855;antonio.silva@correoexample.com;976165731;titular;789375-2;Staff médico;kinesiólogo/a;;;Cruz de Malta S.A.;
2135;874934-5;Laura;Flores Espinoza;Av. Pajaritos 11888;laura.flores@prueba.org;972401208;titular;874934-5;Staff médico, paciente;medico(a);Infectología;./firma/2135;Salud Ltda.;
2175;136337-9;Isabel;Soto Muñoz;Av. Providencia 11838;isabel.soto@mailficticio.cl;902981736;titular;136337-9;Staff médico, paciente;medico(a);Diabetología;./firma/2175;FONASA;
2184;555143-9;Juan Laura;Sepúlveda;Av. Recoleta 6121;juan.sepúlveda@mailficticio.cl;980715226;titular;555143-9;Staff médico, paciente;medico(a);Genética Clínica;./firma/2184;Medibanc S.A.;
2192;278586-2;Sofía;Valenzuela;Av. Matta 3465;sofía.valenzuela@mailficticio.cl;985883836;titular;278586-2;Staff médico;kinesiólogo/a;;;Vida uno S.A.;
2193;617487-6;Miguel;Fuentes;Av. Matta 810;miguel.fuentes@dominiofake.net;911787520;titular;617487-6;Staff médico;medico(a);Medicina Interna;./firma/2193;Fundación e imperio;
2196;978506-K;Juan;Valenzuela;Av. Vicuña Mackenna 10410;juan.valenzuela@dominiofake.net;951065294;titular;978506-K;Staff médico;kinesiólogo/a;;;Cruz pal cielo Ltda.;
2200;603569-8;Juan;Soto Valenzuela;Av. Libertador Bernardo O'Higgins 2520;juan.soto@dominiofake.net;943455365;titular;603569-8;Staff médico;kinesiólogo/a;;;Fundación e imperio;
2202;690276-6;Francisco;Rojas Martínez;Av. Vicuña Mackenna 2088;francisco.rojas@correoexample.com;901841459;titular;690276-6;Staff médico, paciente;medico(a);Nefrología Adulto;./firma/2202;Colmena de avispas S.A.;
2225;282898-7;Miguel María;Flores Espinoza;Av. Macul 348;miguel.flores@correoexample.com;988933147;titular;282898-7;Staff médico;kinesiólogo/a;;;FONASA;
2240;908056-2;Javier;Soto Contreras;Av. Independencia 3218;javier.soto@dominiofake.net;942108500;titular;908056-2;Staff médico, paciente;medico(a);Gastroenterología Adulto;./firma/2240;Vida uno S.A.;
2247;862548-4;Marta Lucía;Espinoza Muñoz;Av. Grecia 9955;marta.espinoza@dominiofake.net;983135642;titular;862548-4;Staff médico, paciente;kinesiólogo/a;;;FONASA;
2248;958447-1;Antonio Paula;González;Av. Matta 5291;antonio.gonzález@prueba.org;984839388;titular;958447-1;Staff médico;medico(a);Oncología Médica;./firma/2248;Menos vida S.A.;
2254;335936-0;Ana;Fuentes Muñoz;Av. Vicuña Mackenna 7683;ana.fuentes@mailficticio.cl;964204337;titular;335936-0;Staff médico, paciente;medico(a);Otorrinolaringología;./firma/2254;Colmena de avispas S.A.;
2267;899515-K;María Andrés;Fuentes;Av. Providencia 4862;maría.fuentes@dominiofake.net;988564696;titular;899515-K;Staff médico, paciente;kinesiólogo/a;;;Menos vida S.A.;
2270;653146-6;Marta;Rodríguez Muñoz;Av. Manuel Montt 4334;marta.rodríguez@dominiofake.net;957037454;titular;653146-6;Staff médico, paciente;medico(a);Psiquiatría Adultos;./firma/2270;FONASA;
2272;409506-5;Ana;Torres González;Av. Apoquindo 10133;ana.torres@correoexample.com;938917467;titular;409506-5;Staff médico;kinesiólogo/a;;;Salud Ltda.;
2273;571645-4;Carmen Paula;Silva;Av. Manuel Montt 1591;carmen.silva@dominiofake.net;938472636;titular;571645-4;Staff médico;kinesiólogo/a;;;Menos vida S.A.;
2288;461098-9;Lucía;González;Av. Grecia 2792;lucía.gonzález@prueba.org;906565964;titular;461098-9;Staff médico;kinesiólogo/a;;;Salud Ltda.;
2323;774546-K;Daniel Ana;Soto;Av. Manuel Montt 4976;daniel.soto@correoexample.com;913348144;titular;774546-K;Staff médico;kinesiólogo/a;;;Medibanc S.A.;
2339;355489-9;Marta Francisco;Contreras Contreras;Av. Manuel Montt 3297;marta.contreras@mailficticio.cl;932488201;titular;355489-9;Staff médico;kinesiólogo/a;;;especial S.A.;
2344;466721-2;Luis Juan;Díaz Torres;Av. Tobalaba 7011;luis.díaz@dominiofake.net;969462505;titular;466721-2;Staff médico, paciente;kinesiólogo/a;;;Menos vida S.A.;
2355;467780-3;Sofía Daniel;Araya Fuentes;Av. Pajaritos 1881;sofía.araya@prueba.org;956060935;titular;467780-3;Staff médico;kinesiólogo/a;;;sinsalud S.A.;
2359;120354-1;Ana;Sepúlveda González;Av. Tobalaba 8190;ana.sepúlveda@dominiofake.net;925109052;titular;120354-1;Staff médico, paciente;medico(a);Neurología Adultos;./firma/2359;Medibanc S.A.;
2371;183791-5;Pedro;López;Av. Los Leones 407;pedro.lópez@prueba.org;959951342;titular;183791-5;Staff médico;medico(a);Neurocirugía;./firma/2371;Cruz de Malta S.A.;
2402;203993-1;Lucía;López Valenzuela;Av. Matta 9930;lucía.lópez@mailficticio.cl;927534802;titular;203993-1;Staff médico, paciente;medico(a);Gastroenterología Adulto;./firma/2402;Fundación e imperio;
2405;970884-7;Antonio;Soto Muñoz;Av. Irarrazabal 1907;antonio.soto@dominiofake.net;997465616;titular;970884-7;Staff médico;medico(a);Medicina Física y Rehabilitación;./firma/2405;Menos vida S.A.;
2411;863234-0;Ana;Espinoza Torres;Av. Recoleta 7006;ana.espinoza@dominiofake.net;912483733;titular;863234-0;Staff médico;medico(a);Infectología;./firma/2411;sinsalud S.A.;
2428;894057-6;Antonio;Rojas Silva;Av. Apoquindo 5674;antonio.rojas@correoexample.com;980985858;titular;894057-6;Staff médico;medico(a);Neurología Adultos;./firma/2428;Cruz pal cielo Ltda.;
2429;132876-K;Javier;Díaz;Av. Tobalaba 10203;javier.díaz@mailficticio.cl;996814633;titular;132876-K;Staff médico, paciente;kinesiólogo/a;;;Medibanc S.A.;
2445;714816-K;Antonio;Hernández Espinoza;Av. Vicuña Mackenna 4217;antonio.hernández@correoexample.com;968370579;titular;714816-K;Staff médico;medico(a);Coloproctología;./firma/2445;Cruz pal cielo Ltda.;
2499;115752-3;Antonio Paula;Silva Sepúlveda;Av. Independencia 4534;antonio.silva@prueba.org;928080116;titular;115752-3;Staff médico, paciente;kinesiólogo/a;;;Cruz pal cielo Ltda.;
2520;698026-0;Isabel Juan;Martínez Contreras;Av. Los Leones 2911;isabel.martínez@dominiofake.net;961604761;titular;698026-0;Staff médico;medico(a);Psiquiatría Adultos;./firma/2520;Cruz de Malta S.A.;
2560;628964-9;Paula Lucía;Díaz Soto;Av. Macul 3668;paula.díaz@prueba.org;964521775;titular;628964-9;Staff médico, paciente;medico(a);Gastroenterología Adulto;./firma/2560;Cruz de Malta S.A.;
2566;609187-3;Pedro;Silva Sepúlveda;Av. Vicuña Mackenna 4782;pedro.silva@prueba.org;947257317;titular;609187-3;Staff médico, paciente;medico(a);Infectología;./firma/2566;Salud Ltda.;
2568;587352-5;Daniel;Morales Torres;Av. Apoquindo 5229;daniel.morales@dominiofake.net;948293570;titular;587352-5;Staff médico, paciente;kinesiólogo/a;;;Cruz de Malta S.A.;
2597;390520-9;Laura;Fuentes;Av. Manuel Montt 5720;laura.fuentes@dominiofake.net;905649462;titular;390520-9;Staff médico, paciente;kinesiólogo/a;;;especial S.A.;
2601;436446-5;Isabel;Pérez Araya;Av. Libertador Bernardo O'Higgins 1054;isabel.pérez@mailficticio.cl;942703810;titular;436446-5;Staff médico, paciente;medico(a);Medicina Interna;./firma/2601;sinsalud S.A.;
2622;549596-2;María;López Rodríguez;Av. Providencia 8296;maría.lópez@mailficticio.cl;933251731;titular;549596-2;Staff médico;kinesiólogo/a;;;Cruz de Malta S.A.;
2647;746321-9;Francisco Isabel;Rojas;Av. Independencia 5115;francisco.rojas@prueba.org;928533773;titular;746321-9;Staff médico;kinesiólogo/a;;;Cruz pal cielo Ltda.;
2681;352080-3;Juan Lucía;Fuentes;Av. La Florida 7336;juan.fuentes@prueba.org;990606359;titular;352080-3;Staff médico;kinesiólogo/a;;;Medibanc S.A.;
2683;134462-5;Paula;Pérez Silva;Av. Apoquindo 10920;paula.pérez@prueba.org;947499111;titular;134462-5;Staff médico, paciente;kinesiólogo/a;;;Salud Ltda.;
2693;383424-7;Daniel;Díaz Martínez;Av. Independencia 11239;daniel.díaz@mailficticio.cl;987798711;titular;383424-7;Staff médico;medico(a);Geriatría;./firma/2693;Cruz de Malta S.A.;
2718;921276-0;Javier Laura;López Silva;Av. Libertador Bernardo O'Higgins 2936;javier.lópez@mailficticio.cl;945951213;titular;921276-0;Staff médico, paciente;kinesiólogo/a;;;Medibanc S.A.;
2746;165944-8;Carmen;Rodríguez;Av. Grecia 2932;carmen.rodríguez@correoexample.com;925329502;titular;165944-8;Staff médico;medico(a);Obstetricia y Ginecología;./firma/2746;Menos vida S.A.;
2765;560020-0;Lucía;Muñoz Muñoz;Av. Libertador Bernardo O'Higgins 10527;lucía.muñoz@correoexample.com;962013300;titular;560020-0;Staff médico, paciente;kinesiólogo/a;;;Colmena de avispas S.A.;
2766;208400-7;Laura;González;Av. Tobalaba 747;laura.gonzález@correoexample.com;931814111;titular;208400-7;Staff médico, paciente;kinesiólogo/a;;;especial S.A.;
2776;660470-6;Marta Diego;Sepúlveda Pérez;Av. Apoquindo 7389;marta.sepúlveda@prueba.org;915660236;titular;660470-6;Staff médico, paciente;kinesiólogo/a;;;Menos vida S.A.;
2783;982067-1;José;Valenzuela;Av. Recoleta 3307;josé.valenzuela@dominiofake.net;923512884;titular;982067-1;Staff médico;kinesiólogo/a;;;Fundación e imperio;
2791;493335-4;Paula Miguel;Rodríguez Morales;Av. Macul 2419;paula.rodríguez@correoexample.com;902840189;titular;493335-4;Staff médico, paciente;kinesiólogo/a;;;sinsalud S.A.;
2796;314551-4;Paula Andrés;Pérez Soto;Av. Providencia 2561;paula.pérez@dominiofake.net;944108588;titular;314551-4;Staff médico, paciente;medico(a);Neurología Adultos;./firma/2796;sinsalud S.A.;
2804;840733-9;Pedro Luis;González;Av. Irarrazabal 11656;pedro.gonzález@prueba.org;965545935;titular;840733-9;Staff médico;medico(a);Infectología;./firma/2804;Cruz de Malta S.A.;
2810;557142-1;Javier;Araya Soto;Av. Vicuña Mackenna 5410;javier.araya@correoexample.com;974508117;titular;557142-1;Staff médico;medico(a);Oftalmología;./firma/2810;especial S.A.;
2817;292200-2;Pedro;Torres;Av. Apoquindo 5640;pedro.torres@mailficticio.cl;972011729;titular;292200-2;Staff médico;kinesiólogo/a;;;Salud Ltda.;
2832;757081-3;Juan;Silva;Av. Vicuña Mackenna 10994;juan.silva@dominiofake.net;974457331;titular;757081-3;Staff médico, paciente;medico(a);Cardiología;./firma/2832;sinsalud S.A.;
2833;505151-7;Marta Andrés;Espinoza Sepúlveda;Av. Independencia 5285;marta.espinoza@dominiofake.net;982462540;titular;505151-7;Staff médico;medico(a);Gastroenterología Adulto;./firma/2833;FONASA;
2845;736703-1;Francisco;Martínez Rojas;Av. Los Leones 4022;francisco.martínez@mailficticio.cl;925522102;titular;736703-1;Staff médico, paciente;kinesiólogo/a;;;FONASA;
2881;830907-8;Juan José;Fuentes;Av. Manuel Montt 1641;juan.fuentes@prueba.org;924721089;titular;830907-8;Staff médico, paciente;medico(a);Inffectología;./firma/2881;Colmena de avispas S.A.;
2902;895420-8;Francisco Carmen;Díaz Hernández;Av. Recoleta 10552;francisco.díaz@prueba.org;973924250;titular;895420-8;Staff médico;kinesiólogo/a;;;Fundación e imperio;
2907;732489-8;Andrés María;López Rodríguez;Av. Libertador Bernardo O'Higgins 9967;andrés.lópez@dominiofake.net;913600540;titular;732489-8;Staff médico;medico(a);Medicina Física y Rehabilitación;./firma/2907;sinsalud S.A.;
2908;438911-5;Pedro;Hernández;Av. Irarrazabal 3110;pedro.hernández@mailficticio.cl;908682642;titular;438911-5;Staff médico, paciente;kinesiólogo/a;;;Fundación e imperio;
2916;829488-7;Andrés Miguel;Sepúlveda Hernández;Av. Apoquindo 6435;andrés.sepúlveda@mailficticio.cl;943046300;titular;829488-7;Staff médico, paciente;kinesiólogo/a;;;Menos vida S.A.;
2947;422451-5;Marta;Torres López;Av. Irarrazabal 4550;marta.torres@correoexample.com;984582835;titular;422451-5;Staff médico;kinesiólogo/a;;;Fundación e imperio;
2970;271097-8;Luis;Soto;Av. Los Leones 5964;luis.soto@correoexample.com;966319447;titular;271097-8;Staff médico, paciente;kinesiólogo/a;;;especial S.A.;
2992;619830-9;Javier José;Hernández Hernández;Av. Matta 9548;javier.hernández@dominiofake.net;989804980;titular;619830-9;Staff médico, Staff médico,paciente;enfermero/a;;;Fundación e imperio;
